<?xml version="1.0" encoding="utf-8" ?>
<?xml-stylesheet type="text/xsl" href="book.xsl" ?>
<pricelist>
	<book>
		<title>XML и IE5</title>
		<author>Алекс Хоумер</author>
		<price>200</price>
	</book>
	
	<book>
		<title>Dimanic HTML</title>
		<author>Алекс Хоумер</author>
		<price>120</price>
	</book>
	
	<book>
		<title>XSLT</title>
		<author>Алексей Валиков</author>
		<price>150</price>
	</book>

	<book>
		<title>XSLT</title>
		<author>Стивен Холзнер</author>
		<price>170</price>
	</book>

	<book>
		<title>Практическая криптография</title>
		<author>Михаил Масленников</author>
		<price>200</price>
	</book>

	<book>
		<title>Реест Windows XP</title>
		<author>Джерри Хонейкатт</author>
		<price>250</price>
	</book>

	<book>
		<title>Windows XP. Средства повышения производительности</title>
		<author>Уолтер Брюс</author>
		<price>250</price>
	</book>
	
	<book>
		<title>Windows Script Host для Windows 2000/XP</title>
		<author>Андрей Попов</author>
		<price>220</price>
	</book>
	
	<book>
		<title>Excel 2002. Библия пользователя</title>
		<author>Джон Уокенбах</author>
		<price>260</price>
	</book>
	
	<book>
		<title>XML. Справочник</title>
		<author>Сандра Э. Эдди</author>
		<price>100</price>
	</book>

	<book>
		<title>Разработка защищенных Web-приложений на платформе Windows 2000</title>
		<author>Майкл Ховард</author>
		<price>250</price>
	</book>
	
	<book>
		<title>WAP-программирование на языке WML</title>
		<author>Михаэль Зеебергер-Вайхсельбаум</author>
		<price>150</price>
	</book>
	
</pricelist>