<?xml version="1.0" encoding="utf-8"?>
<!DOCTYPE html PUBLIC "-//W3C//DTD XHTML 1.0 Strict//EN" "http://www.w3.org/TR/xhtml1/DTD/xhtml1-strict.dtd">
<html xml:lang="en-US" lang="en-US">
<head>
	<meta http-equiv="Content-Type" content="text/html; charset=utf-8" />

  <meta name="keywords" content="W3C, World Wide Web, Web, WWW, Consortium, computer, access, accessibility, semantic, worldwide, W3, HTML, XML, standard, language, technology, link, CSS, RDF, XSL, Berners-Lee, Berners, Lee, style sheet, cascading, schema, XHTML, mobile, SVG, PNG, PICS, DOM, SMIL, MathML, markup, Amaya, Jigsaw, free, open source, software" />
  <meta name="description" content="The World Wide Web Consortium (W3C) is an international consortium where Member organizations, a full-time staff, and the public work together to develop Web standards. W3C primarily pursues its mission through the creation of Web standards and guidelines designed to ensure long-term growth for the Web. Over 400 organizations are Members of the Consortium. W3C is jointly run by the MIT Computer Science and Artificial Intelligence Laboratory (MIT CSAIL) in the USA, the European Research Consortium for Informatics and Mathematics (ERCIM) headquartered in France, Keio University in Japan, and has additional Offices worldwide." />
  <title>World Wide Web Consortium - Web Standards</title>
  <link rel="meta" href="/Overview-about.rdf" />
  <link rel="stylesheet" type="text/css" href="/StyleSheets/home.css" />
  <link rel="bookmark" href="#technologies" title="Technologies |" />
  <link rel="bookmark" href="#news" title="News |" />
  <link rel="bookmark" href="#search" title="Search |" />
  <link rel="contents" href="#contents" title="Contents |" />
  <link rel="bookmark" href="#Offices" title="Offices |" />
  <link rel="bookmark" href="#systems" title="Systems |" />
  <link rel="bookmark" href="#donors" title="Supporters |" />
  <link rel="bookmark" href="#footnotes" title="Footnotes |" />
  <link rel="alternate" type="application/rss+xml" title="W3C Home Page News RSS Channel" href="http://www.w3.org/2000/08/w3c-synd/home.rss" />

  <style type="text/css">
/**/
   div.spot-image img {
      margin-bottom: 20px;
   }
/**/</style>
</head>

<body>
<h1 id="logo"><img alt="The World Wide Web Consortium (W3C)" height="48" width="315" src="/Icons/w3c_main" /></h1>

<h2 id="slogan">Leading the Web to Its Full Potential...</h2>
<div>
<map name="introLinks" id="introLinks" title="Introductory Links">

  <div class="banner">
  <span class="invisible"><a class="bannerLink" title="Skip introductory links and the mission statement" href="#technologies">Skip to Technologies</a> |</span> <a class="bannerLink" title="W3C Activities" accesskey="A" href="/Consortium/activities">Activities</a> | <a class="bannerLink" title="Technical Reports and Recommendations" accesskey="T" href="/TR/">Technical Reports</a> | <a class="bannerLink" title="Alphabetical Site Index" accesskey="S" href="/Consortium/siteindex">Site Index</a> | <a class="bannerLink" title="Help for new visitors" accesskey="N" href="/Consortium/new-to-w3c">New Visitors</a> | <a class="bannerLink" title="About W3C" accesskey="B" href="/Consortium/">About W3C</a> | <a class="bannerLink" title="Join W3C" accesskey="J" href="/Consortium/join">Join W3C</a> | <a class="bannerLink" title="Contact W3C" accesskey="C" href="/Consortium/contact">Contact
  W3C</a> </div>
</map>
</div>

<p class="small">The World Wide Web Consortium (<acronym title="World Wide Web Consortium">W3C</acronym>) develops interoperable
technologies (specifications, guidelines, software, and tools) to lead the
Web to its full potential. W3C is a forum for information, commerce,
communication, and collective understanding. On this page, you'll find <a href="#news">W3C news</a>, links to <a href="#technologies">W3C
technologies</a> and ways to <a href="#contents">get involved</a>. New
visitors can find help in <cite><a href="/Consortium/new-to-w3c">Finding Your
Way at W3C</a></cite>. We encourage organizations to learn more <a href="/Consortium/">about W3C</a> and <a href="/Consortium/membership">about
W3C Membership</a>.</p>

<div class="navBlock">
<h2 class="spot-head">XML10</h2>

<div class="spot">

<div class="spot-image">
<a href="/2008/xml10/"><img src="/2008/xml10/xml-10.png" width="106" height="48" alt="XML 10" /> </a> </div>

<p class="spot-block">To celebrate <a href="/2008/xml10/">ten years of
XML</a>, W3C invites you to <a href="/2008/xml10/card/greeting-form">send a
greeting</a> and tell us about an XML-related blog or article. Many thanks to
the FLWOR Foundation for their generous sponsorship of XML10. </p>
</div>

<h2 class="spot-head">W3C Supporters</h2>

<div class="spot">
<p class="spot-block">Help W3C by making a donation through the <a href="/Consortium/sup">W3C Supporters Program</a>.</p>
</div>


<h2 class="spot-head">Employment</h2>

<div class="spot">
<p class="spot-block">Current <a href="/Consortium/Recruitment/">job
opportunities</a> at W3C: <a href="/2008/07/UBIposition.html">Training and
Mobile Web Specialist</a>. Current <a href="/Consortium/Recruitment/Fellows#openings">W3C Fellows Program
openings</a> are <a href="/2007/01/comm-fellow1">Business and Technology
Communications Specialist</a>; <a href="/2007/01/SysteamFellowsPosition">Software Engineer</a>.</p>
</div>

<h2 class="navhead"><a name="technologies" id="technologies">W3C A to
Z</a></h2>
<ul>
  <li class="invisible"><a class="navlink" title="Skip W3C A-Z" href="#news">Skip to News</a></li>
  <li><a href="/WAI/" class="navlink">Accessibility</a></li>
  <li><a href="/Amaya/" class="navlink">Amaya</a></li>
  <li><a href="/Mobile/CCPP/" class="navlink"><abbr title="Composite Capability/Preference Profiles">CC/PP</abbr></a></li>
  <li><a href="/2004/CDF/" class="navlink">Compound Document Formats
  (CDF)</a></li>
  <li><a href="/Style/CSS/" class="navlink"><abbr title="Cascading Style Sheets">CSS</abbr></a></li>
  <li><a href="http://jigsaw.w3.org/css-validator/" class="navlink"><abbr title="Cascading Style Sheets">CSS</abbr> Validator</a></li>
  <li><a href="/2002/ws/databinding/" class="navlink">Databinding</a></li>
  <li><a href="/DOM/" class="navlink"><acronym title="Document Object Model">DOM</acronym></a></li>
  <li><a href="/XML/EXI" class="navlink">Efficient XML Interchange</a></li>
  <li><a href="/2008/geolocation/" class="navlink">Geolocation</a></li>
  <li><a href="/2007/eGov/" class="navlink">eGovernment</a></li>
  <li><a href="/2001/sw/grddl-wg/" class="navlink"><acronym title="Gleaning Resource Descriptions from Dialects of Languages">GRDDL</acronym></a></li>
  <li><a href="/2001/sw/hcls/" class="navlink">Health Care and Life
    Sciences</a></li>
  <li><a href="/html/" class="navlink"><abbr title="HyperText Markup Language">HTML</abbr></a></li>
  <li><a href="/People/Raggett/tidy/" class="navlink"><abbr title="HyperText Markup Language">HTML</abbr> Tidy</a></li>
  <li><a href="http://validator.w3.org/" class="navlink"><abbr title="HyperText Markup Language">HTML</abbr> Validator</a></li>
  <li><a href="/Protocols/" class="navlink"><abbr title="Hypertext Transfer Protocol">HTTP</abbr></a></li>
  <li><a href="/2005/Incubator/" class="navlink">Incubator</a></li>
  <li><a href="/2002/mmi/ink" class="navlink">InkML</a></li>
  <li><a href="/International/" class="navlink">Internationalization</a></li>
  <li><a href="/Jigsaw/" class="navlink">Jigsaw</a></li>
  <li><a href="/Library/" class="navlink">Libwww</a></li>
  <li><a href="/Math/" class="navlink">MathML</a></li>
  <li><a href="/2008/WebVideo/Annotations/">Media Annotations</a></li>
  <li><a href="/2008/WebVideo/Fragments/">Media Fragments</a></li>
  <li><a href="/Mobile/" class="navlink">Mobile Web Initiative
  (W3C-MWI)</a></li>
  <li><a href="/2002/mmi/" class="navlink">Multimodal Interaction</a></li>
  <li><a href="/2004/OWL/" class="navlink"><acronym title="OWL Web Ontology Language">OWL</acronym></a></li>
  <li><a href="/2004/pp/" class="navlink">Patent Policy</a></li>
  <li><a href="/PICS/" class="navlink"><acronym title="Platform for Internet Content Selection">PICS</acronym></a></li>
  <li><a href="/Graphics/PNG/" class="navlink"><acronym title="Portable Network Graphics">PNG</acronym></a></li>
  <li><a href="/2007/powder/" class="navlink"><acronym title="Protocol for Web Description Resources">POWDER</acronym></a></li>
  <li><a href="/P3P/" class="navlink">Privacy and <abbr title="Platform for Privacy Preferences">P3P</abbr></a></li>
  <li><a href="/RDF/" class="navlink"><abbr title="Resource Description Framework">RDF</abbr></a></li>
  <li><a href="/2005/rules/" class="navlink">Rules</a></li>
  <li><a href="/Security/" class="navlink">Security</a></li>
  <li><a href="/2001/sw/" class="navlink">Semantic Web</a></li>
  <li><a href="/XML/SML" class="navlink">Service Modeling Language (<abbr title="Service Modeling Language">SML</abbr>)</a></li>
  <li><a href="/AudioVideo/" class="navlink"><acronym title="Synchronized Multimedia Integration Language">SMIL</acronym></a></li>
  <li><a href="/2000/xp/Group/" class="navlink"><acronym title="Soap">SOAP</acronym>/<abbr title="XML Protocol">XMLP</abbr></a></li>
  <li><a href="/2002/ws/soapjms/" class="navlink"><acronym title="Soap">SOAP-JMS</acronym></a></li>
  <li><a href="/2001/sw/DataAccess/" class="navlink"><acronym title="Simple Protocol and RDF Query Language">SPARQL</acronym></a></li>
  <li><a href="/Style/" class="navlink">Style</a></li>
  <li><a href="/Graphics/SVG/" class="navlink"><abbr title="Scalable Vector Graphics">SVG</abbr></a></li>
  <li><a href="/2001/tag/" class="navlink"><abbr title="Technical   Architecture Group">TAG</abbr></a></li>
  <li><a href="/AudioVideo/TT/" class="navlink">Timed Text</a></li>
  <li><a href="/Addressing/" class="navlink"><abbr title="Uniform Resource Identifiers">URI/URL</abbr></a></li>
  <li><a href="/QA/Tools/#validators" class="navlink">Validators</a></li>
  <li><a href="/2008/WebVideo/">Video</a></li>
  <li><a href="/Voice/" class="navlink">Voice</a></li>
  <li><a href="/2007/uwa/" class="navlink">Ubiquitous Web
  Applications</a></li>
  <li><a href="/WAI/" class="navlink"><acronym title="Web Accessibility Initiative">WAI</acronym></a></li>
  <li><a href="/2008/webapps/" class="navlink">Web Applications</a></li>
  <li><a href="/2001/tag/" class="navlink">Web Architecture (<acronym title="Technical Architecture Group">TAG</acronym>)</a></li>
  <li><a href="/Graphics/WebCGM/WG/" class="navlink"><abbr title="Web Computer Graphics Metafile">WebCGM</abbr></a></li>
  <li><a href="/2002/ws/" class="navlink">Web Services</a></li>
  <li><a href="/2002/ws/addr/" class="navlink"><abbr title="Web Services">WS</abbr>-Addressing</a></li>
  <li><a href="/2002/ws/chor/" class="navlink"><abbr title="Web Services Choreography Description Language">WS-CDL</abbr></a></li>
  <li><a href="/2002/ws/desc/" class="navlink"><acronym title="Web Services Description Language">WSDL</acronym></a></li>
  <li><a href="/2002/ws/policy/" class="navlink"><abbr title="Web Services">WS</abbr>-Policy</a></li>
  <li><a href="/MarkUp/Forms/" class="navlink"><acronym title="Next Generation Web Forms">XForms</acronym></a></li>
  <li><a href="/MarkUp/" class="navlink"><abbr title="Extensible HyperText Markup Language">XHTML</abbr></a></li>
  <li><a href="/MarkUp/" class="navlink"><abbr title="Extensible HyperText Markup Language">XHTML2</abbr></a></li>
  <li><a href="/XML/Linking" class="navlink"><acronym title="XML Link">XLink</acronym></a></li>
  <li><a href="/XML/" class="navlink"><abbr title="Extensible Markup Language">XML</abbr></a></li>
  <li><a href="/TR/xmlbase/" class="navlink"><abbr title="Extensible Markup Language">XML</abbr> Base</a></li>
  <li><a href="/2001/XKMS/" class="navlink"><abbr title="Extensible Markup Language">XML</abbr> Key Management</a></li>
  <li><a href="/XML/Processing/" class="navlink"><abbr title="Extensible Markup Language">XML</abbr> Processing</a></li>
  <li><a href="/XML/Query" class="navlink"><abbr title="Extensible Markup Language">XML</abbr> Query</a></li>
  <li><a href="/XML/Schema" class="navlink"><abbr title="Extensible Markup Language">XML</abbr> Schema</a></li>
  <li><a href="/2008/xmlsec/" class="navlink"><abbr title="Extensible Markup Language">XML</abbr> Signature and
  Encryption</a></li>
  <li><a href="/Style/XSL/" class="navlink">XPath</a></li>
  <li><a href="/XML/Linking" class="navlink">XPointer</a></li>
  <li><a href="/Style/XSL/" class="navlink"><acronym title="Extensible Stylesheet Language">XSL</acronym> and <acronym title="XSL Transformations">XSLT</acronym></a></li>
</ul>

<p><a href="/Consortium/siteindex" class="navlink">More topics...</a></p>
</div>

<div class="newsBlock">
<h2 class="newsHeading"><a name="news" id="news">News</a></h2>

<p class="invisible"><a title="Skip News" href="#search">Skip to
Search</a></p>



<div id="item202" class="item"><h3 class="headline">SMIL 3.0 Advances Standard for Synchronized Multimedia</h3><p><span class="date">2008-12-01:</span> Today W3C announced a new standard to make it easier to author interactive multimedia presentations. <a href="/TR/2008/REC-SMIL3-20081201/cover.html">Synchronized Multimedia Integration Language (SMIL 3.0)</a> allows video, audio, images, text, and hypertext links to be combined into interactive presentations, with fine-grain control of layout and timing. "The importance of SMIL 3.0 is that it contains a set of user-requested features that provide exciting new functionality, while retaining all the advantages of a declarative (that is, without scripting) approach to building a multimedia presentation," said Dick Bulterman, chair of the <a href="/AudioVideo/">Synchronized Multimedia Working Group</a>, which published the specification. Read the full <a href="/2008/12/smil3-pressrelease.html">press release</a>, <a href="/2008/11/smil-testimonial.html">testimonials</a>, and learn more about the <a href="/AudioVideo/Group/">Synchronized Multimedia Activity</a>.<span class="archive"> (<a title="SMIL 3.0 Advances Standard for Synchronized Multimedia" href="/News/2008#item202" rel="details">Permalink</a>) </span></p></div>

<div id="item204" class="item"><h3><img alt="" width="17" height="11" src="/Icons/right" />Eleven Publications Related to OWL 2</h3><p><span class="date">2008-12-02:</span> The <a href="/2007/OWL/">OWL Working Group</a> published eleven documents today relating to the OWL 2 Web Ontology Language. OWL 2 extends <a href="/TR/owl-ref/">OWL</a>, a core standard of the <a href="/2001/sw/">Semantic Web</a>, adding new features that users have requested and that software providers are prepared to implement. Six of these documents are <a href="/2005/10/Process-20051014/tr.html#last-call">last call</a> drafts, indicating the Working Group believes the technical work in those areas is done. The documents are:</p> <ol> <li><a href="/TR/2008/WD-owl2-syntax-20081202/">Structural Specification and Functional-Style Syntax</a> (last call)</li> <li><a href="/TR/2008/WD-owl2-semantics-20081202/">Direct Semantics</a> (last call)</li> <li><a href="/TR/2008/WD-owl2-rdf-based-semantics-20081202/">RDF-Based Semantics</a> </li> <li><a href="/TR/2008/WD-owl2-test-20081202/">Conformance and Test Cases</a> (last call)</li> <li><a href="h/TR/2008/WD-owl2-mapping-to-rdf-20081202/">Mapping to RDF Graphs</a> (last call)</li> <li><a href="/TR/2008/WD-owl2-xml-serialization-20081202/">XML Serialization</a> (last call)</li> <li><a href="/TR/2008/WD-owl2-profiles-20081202/">Profiles</a> (last call)</li> <li><a href="/TR/2008/WD-owl2-quick-reference-20081202/">Quick Reference Guide</a> (first public working draft)</li> <li><a href="/TR/2008/WD-owl2-new-features-20081202/">New Features and Rationale</a> (first public working draft) </li> <li><a href="/TR/2008/WD-owl2-manchester-syntax-20081202/">Manchester Syntax</a> (first public working draft)</li> <li><a href="/TR/2008/WD-rdf-text-20081202/">rdf:text: A Datatype for Internationalized Text</a> (first public working draft)</li> </ol> <p>The <a href="/TR/2008/WD-owl2-manchester-syntax-20081202/">Manchester Syntax</a> is an optional, alternative OWL serialization; this document is expected to become a <a href="/2005/10/Process-20051014/tr.html#q75">Note</a>. The XML datatype <a href="/TR/2008/WD-rdf-text-20081202/">rdf:text</a> was co-developed with the RIF Working Group for use with RDF data. Please send comments by 23 January. Learn more about the <a href="/2001/sw/">Semantic Web Activity</a>.<span class="archive">  (<a title="Eleven Publications Related to OWL 2" href="/News/2008#item204" rel="details">Permalink</a>) </span></p></div>

<div id="item203" class="item"><h3><img alt="" width="17" height="11" src="/Icons/right" />W3C Talks in December</h3><p><span class="date">2008-12-01:</span> Browse <a href="/Talks/">W3C presentations and events</a> also available as an <abbr title="RDF Site Summary"><a href="/2004/08/TalkFiles/Talks.rss">RSS channel</a></abbr>. <span class="archive">  (<a title="W3C Talks in December" href="/News/2008#item203" rel="details">Permalink</a>) </span></p><ul><li><span class="talkstart">1 December, Valencia, Spain: </span><span class="talktitle" lang="es" xml:lang="es">El W3C y la Web Única<span class="hide noprint">.</span></span><span class="talkdesc">Martín Álvarez presents at <a href="http://www.ovsi.es/catic-jornadas/jornada1/newsV02.html" lang="es" xml:lang="es">Jornada Divulgativa sobre Accesibilidad Web</a>. </span></li><li><span class="talkstart">1 December, Vienna, Austria: </span><span class="talktitle">e-Accessibility: A Dummy's Guide to Web Accessibility<span class="hide noprint">.</span></span><span class="talkdesc">Judy Brewer participates in a panel at <a href="http://ec.europa.eu/information_society/events/e-inclusion/2008/index_en.htm">E-Inclusion Ministerial Conference and Expo 2008</a>. </span></li><li><span class="talkstart">3 December, United Nations, New York City, USA: </span><span class="talktitle">Perspectives from Policy Makers, Civil Society Organizations representing persons with disabilities, Industry and Standard Organizations<span class="hide noprint">.</span></span><span class="talkdesc">Judy Brewer participates in a panel at <a href="http://www.unitarny.org/en/g3ict">Seminar on Implementing the Digitial Accessibility Agenda of the Convention on the Rights of Persons with Disabilities</a>. </span></li><li><span class="talkstart">4 December, Malmö, Sweden: </span><span class="talktitle" lang="sv" xml:lang="sv">Standarder och Open Source<span class="hide noprint">.</span></span><span class="talkdesc">Olle Olsson presents at <a href="http://www.dfs.se/kretsar/ostra/pagang/details.asp?pid=3258" lang="sv" xml:lang="sv">DFS-seminarium</a>. </span></li><li><span class="talkstart">4 December, Llandudno, United Kingdom: </span><span class="talktitle">Making the Web International<span class="hide noprint">.</span></span><span class="talkdesc">Richard Ishida presents at <a href="http://www.bloc.org.uk/2-x.html">bloc</a>. </span></li><li><span class="talkstart">5 December, Turn, Italy: </span><span class="talktitle">Overlapping User Experiences: Mobile Web Usability and Accessibility for People with Disabilities<span class="hide noprint">.</span></span><span class="talkdesc">Shawn Henry presents at <a href="http://www.upaeurope2008.org/">UPA Europe 2008, Usability and design: cultivating diversity</a>. </span></li><li><span class="talkstart">6 December, Turin, Italy: </span><span class="talktitle">How New Web Accessibility Standards Impact User Experience Design <span class="hide noprint">.</span></span><span class="talkdesc">Shawn Henry presents at <a href="http://www.upaeurope2008.org/">UPA Europe 2008, Usability and design: cultivating diversity</a>. </span></li><li><span class="talkstart">8 December, Boston, MA, USA: </span><span class="talktitle">Web Accessibility for Everyone and Everything<span class="hide noprint">.</span></span><span class="talkdesc">Shawn Henry presents at <a href="http://webdesignworld.com/2008/boston/">Web Design World - Boston 2008</a>. </span></li><li><span class="talkstart">9 December, Boston, MA, USA: </span><span class="talktitle">Accessibility in a Web 2.0 World<span class="hide noprint">.</span></span><span class="talkdesc">Shawn Henry presents at <a href="http://webdesignworld.com/2008/boston/">Web Design World - Boston 2008</a>. </span></li><li class="noprint showuris">View <a href="http://www.w3.org/2004/08/W3CTalks?date=Recent+and+upcoming&amp;countryListing=yes&amp;submit=Submit">upcoming talks by country</a></li><li class="noprint showuris"><a href="/Talks/">More talks...</a></li></ul></div>

<div id="item201" class="item"><h3><img alt="" width="17" height="11" src="/Icons/right" />Extensible Markup Language (XML) 1.0 Fifth Edition Is a W3C Recommendation</h3><p><span class="date">2008-11-26:</span> The <a href="/XML/Core/">XML Core Working Group</a> has published the W3C Recommendation of <a href="/TR/2008/REC-xml-20081126/">Extensible Markup Language (XML) 1.0 (Fifth Edition)</a>. This fifth edition of the widely deployed standard XML incorporates corrections to <a href="/XML/xml-V10-4e-errata">errata</a> found in previous versions. In particular, one correction relaxes the restrictions on element and attribute names, thereby providing in XML 1.0 the major end user benefit currently achievable only by using XML 1.1. As a consequence, many possible documents that were not well-formed according to previous editions of this specification are now well-formed, and previously invalid documents using the newly-allowed name characters in, for example, ID attributes, are now valid. XML has been designed for ease of implementation and for interoperability with both SGML and HTML. Learn more about the <a href="/XML/">Extensible Markup Language (XML) Activity</a>.<span class="archive">  (<a title="Extensible Markup Language (XML) 1.0 Fifth Edition Is a W3C Recommendation" href="/News/2008#item201" rel="details">Permalink</a>) </span></p></div>

<div id="item200" class="item"><h3><img alt="" width="17" height="11" src="/Icons/right" />W3C Invites Implementations of XProc: An XML Pipeline Language</h3><p><span class="date">2008-11-26:</span> The <a href="/XML/Processing/">XML Processing Model Working Group</a> invites implementation of the Candidate Recommendation of <a href="/TR/2008/CR-xproc-20081126/">XProc: An XML Pipeline Language</a>. This specification describes the syntax and semantics of XProc, a language for describing operations to be performed on XML documents. A pipeline consists of steps. Like pipelines, steps take zero or more XML documents as their inputs and produce zero or more XML documents as their outputs. The inputs of a step come from the web, from the pipeline document, from the inputs to the pipeline itself, or from the outputs of other steps in the pipeline. Learn more about the <a href="/XML/">Extensible Markup Language (XML) Activity</a>.<span class="archive">  (<a title="W3C Invites Implementations of XProc: An XML Pipeline Language" href="/News/2008#item200" rel="details">Permalink</a>) </span></p></div>


<div id="item196" class="item">
<h3><img alt="" width="17" height="11" src="/Icons/right" />Workshop in Mozambique Continues W3C Focus on Mobile
Technologies in Fostering Development</h3>
<p><span class="date">2008-11-25:</span> W3C announced a Workshop on <a href="/2008/10/MW4D_WS/">Africa Perspective on the Role of Mobile
Technologies in Fostering Social and Economic Development</a>, April 1-2
2009, in Maputo, Mozambique. Participants will explore ways to fulfill the
potential of mobile phones as a platform for deploying development-oriented
ICT services towards the poorest segments of populations in developing
countries, with an emphasis on the African context. The Workshop is open to
the public; learn <a href="/2008/10/MW4D_WS/#Participation">how to
participate</a>. You may also become a <a href="/2008/10/MW4D_WS/sponsors.html">Workshop Sponsor</a> to help support
the participation of those with expertise who might not otherwise be able to
attend due to travel or other costs. The Workshop is hosted by the Ministry
of Science and Technology of the Government of Mozambique and is organized as
part of the <a href="http://www.digitalworldforum.eu/">Digital World Forum
project</a> (European Union's FP7). Read the <a href="/2008/11/mw4dafrica-pressrelease">press release</a> and learn more
about W3C's <a href="/Mobile/">Mobile Web Initiative (MWI)</a>.<span class="archive">(<a title="Workshop in Mozambique Continues W3C Focus on Mobile Technologies in  Fostering Development" href="/News/2008#item196" rel="details">Permalink</a>) </span></p>
</div>

<div id="item199" class="item"><h3><img alt="" width="17" height="11" src="/Icons/right" />W3C Invites Implementations of Service Modeling Language, Version 1.1 and Service Modeling Language Interchange Format Version 1.1</h3><p><span class="date">2008-11-25:</span> The <a href="/XML/SML/">Service Modeling Language Working Group</a> invites implementation of the Candidate Recommendations of <a href="/TR/2008/CR-sml-20081125/">Service Modeling Language, Version 1.1</a> and <a href="http://www.w3.org/TR/2008/CR-sml-if-20081125/">Service Modeling Language Interchange Format Version 1.1</a>. The former defines the Service Modeling Language, Version 1.1 (SML) used to model complex services and systems, including their structure, constraints, policies, and best practices. The latter defines the interchange format for SML 1.1 models. This format identifies the model being interchanged, distinguishes between model definition documents and model instance documents, and defines the binding of rule documents with other documents in the interchange model. Learn more about the <a href="/XML/">Extensible Markup Language (XML) Activity</a>.<span class="archive">  (<a title="W3C Invites Implementations of Service Modeling Language, Version 1.1 and Service Modeling Language Interchange Format Version 1.1" href="/News/2008#item199" rel="details">Permalink</a>) </span></p></div>

<div id="item197" class="item"><h3><img alt="" width="17" height="11" src="/Icons/right" />Last Call: W3C XML Schema Definition Language (XSD): Component Designators</h3><p><span class="date">2008-11-25:</span> The <a href="/XML/Schema">XML Schema Working Group</a> has published the Last Call Working Draft of <a href="/TR/2008/WD-xmlschema-ref-20081117/">W3C XML Schema Definition Language (XSD): Component Designators</a>. XML Schema: Component Designators defines a scheme for identifying XML Schema components as specified by XML Schema Part 1: Structures and XML Schema Part 2: Datatypes. Comments are welcome through 19 January. Learn more about the <a href="/XML/">Extensible Markup Language (XML) Activity</a>.<span class="archive">  (<a title="Last Call: W3C XML Schema Definition Language (XSD): Component Designators" href="/News/2008#item197" rel="details">Permalink</a>) </span></p></div>

<div id="item198" class="item"><h3><img alt="" width="17" height="11" src="/Icons/right" />Incubator Group Report: Elements of an EmotionML 1.0 </h3><p><span class="date">2008-11-25:</span> The <a href="/2005/Incubator/emotion/">Emotion Markup Language Incubator Group</a> published their <a href="/2005/Incubator/emotion/XGR-emotionml-20081120/">final report</a>. As the web is becoming ubiquitous, interactive, and multimodal, technology needs to deal increasingly with human factors, including emotions. The report provides elements for an Emotion Markup Language striking a balance between scientific well-foundedness and practical applicability. The language is conceived as a "plug-in" language suitable for use in three different areas: (1) manual annotation of data; (2) automatic recognition of emotion-related states from user behaviour; and (3) generation of emotion-related system behaviour. This publication is part of the <a href="/2005/Incubator/">Incubator Activity</a>, a forum where W3C Members can innovate and experiment. This work is not on the W3C standards track.<span class="archive">  (<a title="Incubator Group Report: Elements of an EmotionML 1.0 " href="/News/2008#item198" rel="details">Permalink</a>) </span></p></div>

<div id="item195" class="item">
<h3><img alt="" width="17" height="11" src="/Icons/right" />Authoring Tool
Accessibility Guidelines (ATAG) 2.0: Updated Working Draft</h3>

<p><span class="date">2008-11-24:</span> The <a href="/WAI/AU/">Authoring
Tool Accessibility Guidelines Working Group</a> has published an updated
Working Draft of the <a href="/TR/2008/WD-ATAG20-20081124/">Authoring Tool
Accessibility Guidelines (ATAG) 2.0</a>. ATAG defines how authoring tools
should help Web developers produce Web content that is accessible and
conforms to the Web Content Accessibility Guidelines. ATAG also defines how
to make authoring tools accessible so that people with disabilities can use
them. Read the <a href="http://lists.w3.org/Archives/Public/w3c-wai-ig/2008OctDec/0117.html">invitation
to review the ATAG 2.0 Working Draft</a> and about the <a href="/WAI/">Web
Accessibility Initiative</a>.<span class="archive">(<a title="Authoring Tool Accessibility Guidelines (ATAG) 2.0: Updated Working Draft" href="/News/2008#item195" rel="details">Permalink</a>) </span></p>
</div>

<div id="item194" class="item">
<h3><img alt="" width="17" height="11" src="/Icons/right" />Last Call: SOAP
over Java Message Service 1.0</h3>

<p><span class="date">2008-11-21:</span> The <a href="/2002/ws/soapjms/">SOAP-JMS Binding Working Group</a> has published the
Last Call Working Draft of <a href="/TR/2008/WD-soapjms-20081121/">SOAP over
Java Message Service 1.0</a>. This document specifies how SOAP should bind to
a messaging system that supports the Java Message Service (JMS). The
specification helps to ensure interoperability between the implementations of
different Web services vendors. It should also enable customers to implement
their own Web services for part of their infrastructure, and to have this
interoperate with vendor provided Web services. Comments are welcome through
13 January. Learn more about the <a href="/2002/ws/">Web Services
Activity</a>.<span class="archive">(<a title="Last Call: SOAP over Java Message Service 1.0" href="/News/2008#item194" rel="details">Permalink</a>) </span></p>
</div>

<div id="item193" class="item">
<h3><img alt="" width="17" height="11" src="/Icons/right" />Call for Review:
Element Traversal Specification Proposed Recommendation</h3>

<p><span class="date">2008-11-19:</span> The <a href="/2008/webapps/">Web
Applications Working Group</a> has published the Proposed Recommendation of
<a href="/TR/2008/PR-ElementTraversal-20081117/">Element Traversal
Specification</a>. This specification defines the ElementTraversal interface,
which allows script navigation of the elements of a DOM tree, excluding all
other nodes in the DOM, such as text nodes. It also provides an attribute to
expose the number of child elements of an element. It is intended to provide
a more convenient alternative to existing DOM navigation interfaces, with a
low implementation footprint. Comments are welcome through 15 December. Learn
more about the <a href="/2006/rwc/">Rich Web Client Activity</a>.<span class="archive">(<a title="Call for Review: Element Traversal Specification Proposed Recommendation" href="/News/2008#item193" rel="details">Permalink</a>) </span></p>
</div>

<div id="item192" class="item">
<h3><img alt="" width="17" height="11" src="/Icons/right" />Call for Review:
Scalable Vector Graphics (SVG) Tiny 1.2 Specification Proposed
Recommendation</h3>

<p><span class="date">2008-11-19:</span> The <a href="/Graphics/SVG/">SVG
Working Group</a> has published the Proposed Recommendation of <a href="/TR/2008/PR-SVGTiny12-20081117/">Scalable Vector Graphics (SVG) Tiny
1.2 Specification</a>.This specification defines the features and syntax for
Scalable Vector Graphics (SVG) Tiny, Version 1.2, a language for describing
two-dimensional vector and mixed vector/raster graphics in XML. The
specification enables the creation of graphical content, from static images
to animations to interactive Web applications. SVG 1.2 Tiny is a profile of
SVG intended for implementation on a range of devices, from cell phones and
PDAs to desktop and laptop computers, and thus includes a subset of the
features included in SVG 1.1 Full, along with new features to extend the
capabilities of SVG. Comments are welcome through 15 December.<span class="archive">(<a title="Call for Review: Scalable Vector Graphics (SVG) Tiny 1.2 Specification Proposed Recommendation" href="/News/2008#item192" rel="details">Permalink</a>) </span></p>
</div>

<div id="item190" class="item">
<h3><img alt="" width="17" height="11" src="/Icons/right" />Four POWDER
Documents published; three Last Call Drafts</h3>

<p><span class="date">2008-11-17:</span> The <a href="/2007/powder/">Protocol
for Web Description Resources (POWDER) Working Group</a> published four
Working Drafts today. The purpose of the Protocol for Web Description
Resources (POWDER) is to provide a means for individuals or organizations to
describe a group of resources through the publication of machine-readable
metadata. </p>
<ul>
  <li><a href="/TR/2008/WD-powder-dr-20081114/">Description Resources</a>
    (Last Call); which details the creation and lifecycle of Description
    Resources (DRs), which encapsulate metadata</li>
  <li><a href="/TR/2008/WD-powder-grouping-20081114/">Grouping of
    Resources</a> (Last Call); which describes how sets of IRIs can be
    defined such that descriptions or other data can be applied to the
    resources obtained by dereferencing IRIs that are elements of the
  set.</li>
  <li><a href="/TR/2008/WD-powder-formal-20081114/">Formal Semantics</a>
    (Last Call); which describes how the relatively simple operational format
    of a POWDER document can be transformed for processing by Semantic Web
    tools</li>
  <li><a href="/TR/2008/WD-powder-primer-20081114/">Primer</a> (First Public
    Draft)</li>
</ul>

<p>Last Call comments are welcome through 5 December. Learn more about the <a href="/2001/sw/">Semantic Web Activity</a>.<span class="archive">(<a title="Four POWDER Documents published; three Last Call Drafts" href="/News/2008#item190" rel="details">Permalink</a>) </span></p>
</div>


<div id="item191" class="item">
<h3><img alt="" width="17" height="11" src="/Icons/right" />XML Signature
Best Practices First Public Draft</h3>

<p><span class="date">2008-11-17:</span> The <a href="/2008/xmlsec/">XML
Security Working Group</a> has published the First Public Working Draft of <a href="/TR/2008/WD-xmldsig-bestpractices-20081114/">XML Signature Best
Practices</a>. This document collects best practices for implementors and
users of the <a href="/TR/xmldsig-core/">XML Signature specification</a>.
Most of these best practices are related to improving security and mitigating
attacks, yet others are for best practices in the practical use of XML
Signature, such as signing XML that doesn't use namespaces, for example.
Learn more about the <a href="/Security/">Security Activity</a>.<span class="archive">(<a title="XML Signature Best Practices First Public Draft" href="/News/2008#item191" rel="details">Permalink</a>) </span></p>
</div>

<div id="item189" class="item">
<h3><img alt="" width="17" height="11" src="/Icons/right" />Mathematical
Markup Language (MathML) Version 3.0 Draft Published</h3>

<p><span class="date">2008-11-17:</span> The <a href="/Math/">Math Working
Group</a> has published a Working Draft of <a href="/TR/2008/WD-MathML3-20081117/">Mathematical Markup Language (MathML)
Version 3.0</a>, which defines the Mathematical Markup Language, or MathML.
MathML is an XML application for describing mathematical notation and
capturing both its structure and content. The goal of MathML is to enable
mathematics to be served, received, and processed on the World Wide Web, just
as HTML has enabled this functionality for text. Learn more about the <a href="/Math/">Math Activity</a>.<span class="archive">(<a title="Mathematical Markup Language (MathML) Version 3.0 Draft Published" href="/News/2008#item189" rel="details">Permalink</a>) </span></p>
</div>

<div id="item188" class="item">
<h3><img alt="" width="17" height="11" src="/Icons/right" />W3C mobileOK
Scheme 1.0 Updated</h3>

<p><span class="date">2008-11-17:</span> The <a href="/2005/MWI/BPWG/">Mobile
Web Best Practices Working Group</a> has published an update of Working Draft
of <a href="/TR/2008/WD-mobileOK-20081117/">W3C mobileOK Scheme 1.0</a>. The
document provides an overview of how the mobileOK specification helps ensure
that content is suitable for use on very basic mobile devices. Learn more
about the <a href="/Mobile/">Mobile Web Initiative Activity</a>.<span class="archive">(<a title="W3C mobileOK Scheme 1.0" href="/News/2008#item188" rel="details">Permalink</a>) </span></p>
</div>

<div id="item187" class="item">
<h3><img alt="" width="17" height="11" src="/Icons/right" />W3C Publishes XML
Signature Best Practices First Public Draft</h3>

<p><span class="date">2008-11-14:</span> The <a href="/2008/xmlsec/">XML
Security Working Group</a> has published the First Public Working Draft of <a href="/TR/2008/WD-xmldsig-bestpractices-20081114/">XML Signature Best
Practices</a>. The <a href="/TR/xmldsig-core/">XML Signature
specification</a> offers powerful and flexible mechanisms to support a
variety of use cases. This flexibility has the downside of increasing the
number of possible attacks. One countermeasure to the increased number of
threats is to follow best practices, including a simplification of the use of
XML Signature where possible. This document outlines best practices noted by
the XML Security Specifications Maintenance Working Group, the XML Security
Working Group, and other ideas cited at the <a href="/2007/xmlsec/ws/report.html">Workshop on Next Steps for XML
Security</a>. While most of these best practices are related to improving
security and mitigating attacks, yet others are for best practices in the
practical use of XML Signature, such as signing XML that doesn't use
namespaces. Learn more about the <a href="/Security/">Security
Activity</a>.<span class="archive">(<a title="W3C Publishes XML Signature Best Practices First Public Draft" href="/News/2008#item187" rel="details">Permalink</a>) </span></p>
</div>

<div id="item186" class="item">
<h3><img alt="" width="17" height="11" src="/Icons/right" />Last Call:
Selectors API</h3>

<p><span class="date">2008-11-14:</span> The <a href="/2008/webapps/">Web
Applications Working Group</a> has published the Last Call Working Draft of
<a href="/TR/2008/WD-selectors-api-20081114/">Selectors API</a>. Selectors,
which are widely used in CSS, are patterns that match against elements in a
tree structure. The Selectors API specification defines methods for
retrieving Element nodes from the DOM by matching against a group of
selectors. It is often desirable to perform DOM operations on a specific set
of elements in a document. These methods simplify the process of acquiring
specific elements, especially compared with the more verbose techniques
defined and used in the past. Comments are welcome through 12 December. Learn
more about the <a href="/2006/rwc/">Rich Web Client Activity</a>.<span class="archive">(<a title="Last Call: Selectors API" href="/News/2008#item186" rel="details">Permalink</a>) </span></p>
</div>




<h3 class="pastNews"><a href="/News/2008">Past News</a></h3>
</div>

<div class="navBlock">
<h2 class="navhead"><a name="search" id="search">Search</a></h2>

<p class="invisible"><a class="navlink" title="Skip search" href="#contents">Skip to Contents</a></p>

<form method="get" action="http://www.google.com/custom" enctype="application/x-www-form-urlencoded">

  <div>
  <a class="navlink" href="http://www.google.com"><img src="/Icons/Logo_25wht.gif" width="75" height="32" alt="Google" /></a><br />
  <label for="inputField">Search W3C<br />
  <input type="text" size="15" id="inputField" name="q" accesskey="E" maxlength="255" /></label>
  <input type="submit" value="Go" id="goButton" name="sa" accesskey="G" /><br />
  <input type="hidden" name="cof" value="T:black;LW:72;ALC:#ff3300;L:http://www.w3.org/Icons/w3c_home;LC:#000099;LH:48;BGC:white;AH:left;VLC:#660066;GL:0;AWFID:0b9847e42caf283e;" /> <input type="hidden" id="searchW3C" name="sitesearch" checked="checked" value="www.w3.org" /><input type="hidden" name="domains" value="www.w3.org" /> </div>
</form>

<p><a class="navlink" href="/Search/Mail/Public/">Search W3C Mailing
Lists</a></p>

<h2 class="navhead"><a name="contents" id="contents">Testimonials</a></h2>

<div class="hpmt"><div class="hpmt-name">Electronics and Telecommunications Research Institute (ETRI)</div><div class="hpmt-logo"><a rel="nofollow" href="http://www.etri.re.kr/eng/"><img alt="Electronics and Telecommunications Research Institute (ETRI)" src="http://www.w3.org/Consortium/Member/Testimonial/Logo/728" /></a></div><p class="hpmt-testimonial">Established in 1976, ETRI is a non-profit government-funded research organization in Korea. ETRI has successfully developed information technologies on the Web such as ezOWL(visual Editor of OWL), and ETRI is committed to use W3C Technologies in its developments. ETRI is also the home of the W3C Korean Office. <a class="hpmt-more" href="http://www.w3.org/Consortium/Member/Testimonial/List">(Member testimonials)</a></p></div>

<h2 class="navhead">Members</h2>
<ul>
  <li><a href="/Member/" class="navlink">Member Home Page</a></li>
  <li><a href="/Submission/" class="navlink">Member Submissions</a></li>
  <li><a href="/Consortium/Member/List" class="navlink">Current
  Members</a></li>
  <li><a href="/Consortium/meetings" class="navlink">Meetings</a></li>
  <li><a href="/Consortium/Recruitment/Fellows" class="navlink">Fellows</a>
    (<a href="/Consortium/Recruitment/Fellows#openings">New Openings</a>)</li>
</ul>

<h2 class="navhead">Get Involved</h2>
<ul>
  <li><a href="/Consortium/membership-benefits" class="navlink">W3C
    Membership Benefits</a></li>
  <li><a href="/Consortium/membership#bizcase" class="navlink">Reasons to
    Join W3C</a></li>
  <li><a href="/Mail/" class="navlink">Mailing Lists</a></li>
  <li><a href="http://lists.w3.org/Archives/Public/public-new-work/latest">Potential
    New Work</a></li>
  <li><a href="/Consortium/Translation/" class="navlink">Translations</a></li>
  <li><a href="/2003/08/Workshops/" class="navlink">Workshops</a></li>
  <li><a href="/2001/11/StdLiaison" class="navlink">Liaisons</a></li>
  <li><a href="/Status" class="navlink">Open Source Software</a></li>
  <li><a href="/QA/" class="navlink">Q&amp;A Blog</a></li>
  <li><a href="/Consortium/Recruitment/" class="navlink">Employment</a></li>
  <li><span class="navText">More ways to</span> <a href="/Consortium/org#public" class="navlink">participate</a></li>
</ul>

<h2 class="navhead">Introduction</h2>
<ul>
  <li><a href="/Consortium/" class="navlink">About W3C</a></li>
  <li><a href="/Consortium/faq" class="navlink">Frequently Asked Questions
    (FAQ)</a></li>
  <li><a href="/2003/glossary/" class="navlink">Glossary</a></li>
  <li><a href="/Consortium/Process/" class="navlink">Process Document</a></li>
  <li><a href="/2002/03/tutorials" class="navlink">Tutorials</a></li>
  <li><a href="/2002/03/new-to-w3c" class="navlink">More...</a></li>
</ul>

<h2 class="navhead">W3C Team</h2>
<ul>
  <li><a href="/People/" class="navlink">People</a></li>
  <li><a href="/TeamSubmission/" class="navlink">Team Submissions</a></li>
</ul>

<h2 class="navhead">Presentations</h2>
<ul>
  <li><a href="/Talks/" class="navlink">Public Presentations</a></li>
</ul>

<h2 class="navhead">News Room</h2>
<ul>
  <li><a href="/News/" class="navlink">W3C News Archive</a> <span class="navText">(</span><a href="/2000/08/w3c-synd/home.rss" class="navlink">RSS</a><span class="navText">)</span></li>
  <li><a href="/News/Public/" class="navlink">Weekly Public
  Newsletter</a></li>
  <li><a href="/Press/" class="navlink">Press Releases</a></li>
  <li><a href="/Press/#rss" class="navlink">Multilingual Press Release
  RSS</a></li>
  <li><a href="/Press/Articles" class="navlink">W3C in the Press</a></li>
</ul>

<h2 class="navhead"><a name="Offices" id="Offices">World Offices</a></h2>

<p class="navPara">The <a href="/Consortium/Offices/" class="navlink">W3C
Offices</a>, part of the <a href="/2007/IntlRel.html">W3C International
Relations team</a> translate many W3C home page news items. W3C Offices are
located in these parts of the world:</p>
<ul>
  <li><a href="http://www.w3c.org.au/" class="navlink" title="Australia">Australia</a></li>
  <li><a href="http://www.w3c.nl/index.shtml.nl" class="navlink" hreflang="nl" title="Benelux"><span xml:lang="nl" lang="nl">Benelux</span></a>/<a href="http://www.w3c.nl/index.shtml.fr" class="navlink" title="Benelux" hreflang="fr"><span xml:lang="fr" lang="fr">Bénélux</span></a></li>
  <li><a href="http://www.w3c.br/" class="navlink" title="Brazil" hreflang="pt-br"><span xml:lang="pt-br" lang="pt-br">Brasil</span>
    (Brazil)</a></li>
  <li><a href="http://www.chinaw3c.org/" class="navlink" title="China" hreflang="zh-hans"><span xml:lang="zh-hans" lang="zh-hans">中国</span>
    (China)</a></li>
  <li><a href="http://www.w3c.tut.fi/" class="navlink" title="Finland" hreflang="fi"><span xml:lang="fi" lang="fi">Suomi</span>
  (Finland)</a></li>
  <li><a href="http://www.w3c.de/" class="navlink" title="German and Austria" hreflang="de"><span xml:lang="de" lang="de">Deutschland und
    Österreich</span> (Germany and Austria)</a></li>
  <li><a href="http://www.w3c.gr/" class="navlink" title="Greece" hreflang="el"><span xml:lang="el" lang="el">Ελλάδα</span>
    (Greece)</a></li>
  <li><a href="http://www.w3c.hu/" class="navlink" title="Hungary" hreflang="hu"><span xml:lang="hu" lang="hu">Magyarország</span>
    (Hungary)</a></li>
  <li><a href="http://www.w3cindia.in/" class="navlink" title="India" hreflang="en"><span xml:lang="hi" lang="hi">भारत</span>
    (India)</a></li>
  <li><a href="http://www.w3c.org.il/" class="navlink" title="Israel" hreflang="he"><span xml:lang="he" lang="he">ישראל</span>
  (Israel)</a></li>
  <li><a href="http://www.w3c.it/" class="navlink" title="Italy" hreflang="it"><span xml:lang="it" lang="it">Italia</span> (Italy)</a></li>
  <li><a href="http://www.w3c.or.kr/" class="navlink" title="Korea" hreflang="ko"><span xml:lang="ko" lang="ko">한국</span> (Korea)</a></li>
  <li><a href="http://www.w3c.org.ma/" class="navlink" title="Morocco" hreflang="ar"><span xml:lang="ar" lang="ar">المغرب</span>
    (Morocco)</a></li>
  <li><a href="http://www.w3c.org.za/" class="navlink" title="Southern Africa" hreflang="en">Southern Africa</a></li>
  <li><a href="http://www.w3c.es/" class="navlink" title="Spain" hreflang="es"><span xml:lang="es" lang="es">España</span>
  (Spain)</a></li>
  <li><a href="http://www.w3c.se" class="navlink" title="Sweden" hreflang="sv"><span xml:lang="sv" lang="sv">Sverige</span>
  (Sweden)</a></li>
  <li><a href="http://www.w3c.rl.ac.uk/" class="navlink" title="UK and Ireland" hreflang="en-uk">United Kingdom and
  Ireland</a></li>
</ul>

<h2 class="navhead"><a name="systems" id="systems">Systems</a></h2>
<ul>
  <li><a href="/Help/Account/" class="navlink">Get Password</a></li>
  <li><a href="/2003/08/system-status" class="navlink">System Status</a></li>
</ul>
</div>
<hr class="hide" />

<p class="small">W3C would like to thank the <a name="donors" id="donors" href="/Consortium/sup">Supporters</a> who have contributed financially or
through a donation of goods to W3C.</p>

<p class="small"><a name="footnotes" id="footnotes">Read</a> <a href="/2002/11/homepage">about the layout</a> and <a href="http://lists.w3.org/Archives/Public/site-comments/">send comments</a>
about this page. <a href="/2000/08/w3c-synd/home.rss">Syndicate</a> this page
with <a href="http://purl.org/rss/1.0/">RSS 1.0</a>, an <a href="/RDF/">RDF</a> vocabulary used for <a href="/2000/08/w3c-synd/#">site
summaries</a>. </p>
<address class="small">
  <a href="/Help/Webmaster">Webmaster</a> · Last modified:
   $Date: 2008/12/02 23:50:29 $
   <span class="whiteout">|</span><br />
  <a href="http://validator.w3.org/check?uri=referer"><img src="/Icons/valid-xhtml10" alt="Valid XHTML 1.0!" height="31" width="88" /></a> <span class="whiteout">|</span> <a href="http://jigsaw.w3.org/css-validator/"><img src="/Icons/valid-css" alt="Valid CSS!" height="31" width="88" /></a> <span class="whiteout">|</span> <a href="/WAI/WCAG1AA-Conformance" title="Explanation of Level Double-A Conformance"><img class="conform" height="31" width="88" src="/WAI/wcag1AA" alt="Level Double-A conformance icon, W3C-WAI Web Content Accessibility Guidelines 1.0" /> </a> <span class="whiteout">|</span>
</address>

<p class="copyright"><a rel="Copyright" href="/Consortium/Legal/ipr-notice#Copyright">Copyright</a> © 1994-2008 <a href="/"><acronym title="World Wide Web Consortium">W3C</acronym></a><sup>®</sup> (<a href="http://www.csail.mit.edu/"><acronym title="Massachusetts Institute of Technology">MIT</acronym></a>, <a href="http://www.ercim.org/"><acronym title="European Research Consortium for Informatics and Mathematics">ERCIM</acronym></a>,
<a href="http://www.keio.ac.jp/">Keio</a>), All Rights Reserved. W3C <a href="/Consortium/Legal/ipr-notice#Legal_Disclaimer">liability</a>, <a href="/Consortium/Legal/ipr-notice#W3C_Trademarks">trademark</a>, <a rel="Copyright" href="/Consortium/Legal/copyright-documents">document use</a>
and <a rel="Copyright" href="/Consortium/Legal/copyright-software">software
licensing</a> rules apply. Your interactions with this site are in accordance
with our <a href="/Consortium/Legal/privacy-statement#Public">public</a> and
<a href="/Consortium/Legal/privacy-statement#Members">Member</a> privacy
statements.</p>
</body>
</html>
