<?xml version="1.0" encoding="UTF-8"?>
<math xmlns="http://www.w3.org/1998/Math/MathML">
	<mrow>
		<mi>x</mi>
		<mo>=</mo>
		<mfrac>
			<mrow>
				<mrow>
					<mo>-</mo><!-- &#x2212; -->
					<mi>b</mi>
					<mo>±</mo><!-- &#x00B1; -->
				</mrow>
				<msqrt>
					<mrow>
						<msup>
							<mi>b</mi>
							<mn>2</mn>
						</msup>
						<mo>-</mo><!-- &#x2212; -->
						<mrow>
							<mn>4</mn>
							<mi>a</mi>
							<mi>c</mi>
						</mrow>
					</mrow>
				</msqrt>
			</mrow>
			<mrow>
				<mn>2</mn>
				<mi>a</mi>
			</mrow>
		</mfrac>
	</mrow>
</math>