<?xml version="1.0" encoding="UTF-8"?>
<?mso-infoPathSolution solutionVersion="1.0.0.2" productVersion="12.0.0" PIVersion="1.0.0.0" href="file:///C:\XML\module-8\InfoPath\Авансовый%20отчет.xsn" name="urn:schemas-microsoft-com:office:infopath:-b-m1nb-i-n27e2:-myXSD-2005-10-21T21-12-27" ?>
<?mso-application progid="InfoPath.Document" versionProgid="InfoPath.Document.2"?>
<my:expenseReport xmlns:xsi="http://www.w3.org/2001/XMLSchema-instance" xmlns:xhtml="http://www.w3.org/1999/xhtml" xmlns:my="http://schemas.microsoft.com/office/infopath/2003/myXSD/2005-10-21T21:12:27" xmlns:xd="http://schemas.microsoft.com/office/infopath/2003" xml:lang="ru">
	<my:employee>
		<my:name>Игорь</my:name>
		<my:identificationNumber>ИБ</my:identificationNumber>
		<my:emailAddress>mail@igor-borisov.ru</my:emailAddress>
		<my:jobTitle>Тренер</my:jobTitle>
		<my:department>Веб</my:department>
	</my:employee>
	<my:manager>
		<my:managerName>Директор</my:managerName>
		<my:managerEmailAddress>director@specialist.ru</my:managerEmailAddress>
	</my:manager>
	<my:expenseCode>Командировка</my:expenseCode>
	<my:startDate>2011-04-25</my:startDate>
	<my:endDate>2011-04-28</my:endDate>
	<my:reportDate>2011-04-29</my:reportDate>
	<my:purpose></my:purpose>
	<my:items>
		<my:item>
			<my:date>2011-04-25</my:date>
			<my:description>Гостиница</my:description>
			<my:amount>15000</my:amount>
			<my:category>Размещение</my:category>
			<my:merchantName></my:merchantName>
			<my:entertainmentDetails>
				<my:peopleEntertained>
					<my:personEntertained>
						<my:personName></my:personName>
						<my:personTitle></my:personTitle>
						<my:Firm></my:Firm>
					</my:personEntertained>
				</my:peopleEntertained>
				<my:entertainmentPurpose></my:entertainmentPurpose>
				<my:entertainmentPlace></my:entertainmentPlace>
			</my:entertainmentDetails>
			<my:gifts>
				<my:gift>
					<my:recipientName></my:recipientName>
					<my:giftAmount>0</my:giftAmount>
				</my:gift>
			</my:gifts>
			<my:additionalInfo></my:additionalInfo>
		</my:item>
		<my:item>
										<my:date>2011-04-26</my:date>
										<my:description>Такси</my:description>
										<my:amount>3000</my:amount>
										<my:category>Транспорт</my:category>
										<my:merchantName></my:merchantName>
										<my:entertainmentDetails>
											<my:peopleEntertained>
												<my:personEntertained>
													<my:personName></my:personName>
													<my:personTitle></my:personTitle>
													<my:Firm></my:Firm>
												</my:personEntertained>
											</my:peopleEntertained>
											<my:entertainmentPurpose></my:entertainmentPurpose>
											<my:entertainmentPlace></my:entertainmentPlace>
										</my:entertainmentDetails>
										<my:gifts>
											<my:gift>
												<my:recipientName></my:recipientName>
												<my:giftAmount>0</my:giftAmount>
											</my:gift>
										</my:gifts>
										<my:additionalInfo></my:additionalInfo>
									</my:item><my:item>
										<my:date>2011-04-28</my:date>
										<my:description>Ресторан</my:description>
										<my:amount>2000</my:amount>
										<my:category>Питание</my:category>
										<my:merchantName></my:merchantName>
										<my:entertainmentDetails>
											<my:peopleEntertained>
												<my:personEntertained>
													<my:personName></my:personName>
													<my:personTitle></my:personTitle>
													<my:Firm></my:Firm>
												</my:personEntertained>
											</my:peopleEntertained>
											<my:entertainmentPurpose></my:entertainmentPurpose>
											<my:entertainmentPlace></my:entertainmentPlace>
										</my:entertainmentDetails>
										<my:gifts>
											<my:gift>
												<my:recipientName></my:recipientName>
												<my:giftAmount>0</my:giftAmount>
											</my:gift>
										</my:gifts>
										<my:additionalInfo></my:additionalInfo>
									</my:item><my:cashAdvance>20000</my:cashAdvance>
		<my:total>0</my:total>
		<my:subTotal>20000</my:subTotal>
		<my:itemPosition>0</my:itemPosition>
	</my:items>
</my:expenseReport>