<?xml version="1.0" encoding="UTF-8"?>
<!DOCTYPE books SYSTEM "demo-2.dtd">
<books>
	<book>
		<title>Название</title>
		<author>Автор</author>
		<price>123.00</price>
		<publisher>BHV</publisher>
	</book>
	<book>
		<book>
			<title>Название</title>
			<author>Автор</author>
			<price>123.00</price>
			<publisher>A-Press Publishing</publisher>
		</book>
		<book>
			<title>Название</title>
			<author>Автор</author>
			<price>123.00</price>
			<publisher>Williams</publisher>
		</book>
	</book>
</books>